{
  "cash_flows": [
    550000.0,
    605000.0000000001,
    665500.0000000002,
    732050.0000000002,
    805255.0000000002
  ],
  "discounted_cash_flows": [
    491071.4285714285,
    482302.2959183674,
    473689.7549198251,
    465231.00929625676,
    456923.3127016807
  ],
  "terminal_value": 9215696.111111114,
  "terminal_value_discounted": 5229233.467585902,
  "enterprise_value": 7598451.268993461
}